Video ID,Title,Descrption,Published At
Q_p_57fXI_c,AWGE FASHION SHOW,New to streaming or looking to level up? Check out StreamYard and get $10 discount!,2025-06-27T20:46:59Z
ML38fj4nfIQ,A$AP ROCKY x PUMA COLLECTION,A$AP ROCKY x PUMA VIDEO COMMERCIAL instagram.com/asaprocky instagram.com/puma ...,2025-06-01T16:59:53Z
N_Pp5V5Ps28,JUKEBOX JOINT$ #ATLONGLASTASAP,,2025-05-26T22:00:31Z
gzIoDiRfgoE,L$D #10yearsofATLONGLASTASAP,,2025-05-26T20:00:33Z
Hl4_gomMBOI,10 YEARS AGO TODAY. AT.LONG.LAST.A$AP.  #EVERYDAY,,2025-05-26T17:11:01Z
9p-l0ez4I5o,BILLBOARD HIGHJACK,HIGHJACK VIDEO OUT NOW BILLBOARD INTERVIEW OUT NOW.,2024-08-23T01:28:07Z
oGsNewdC0ws,SONG OF THE SUMMER ‚òÄÔ∏è Who‚Äôs still rocking with it? #sundress #asaprocky,,2024-07-13T19:00:32Z
q3JdbDe8MqU,Who Dat Boy live @ Coachella 2024 üî• #asaprocky #tylerthecreator,,2024-07-10T18:42:36Z
I4dR5twwErU,AWGE SS25 DEBUT COLLECTION | AMERICAN SABOTAGE,AWGE SS25 DEBUT COLLECTION TITLED AMERICAN SABOTAGE #DONTBEDUMB DIRECTED AND PRODUCED BY AWGE.,2024-06-25T18:25:07Z
Yg0a2swjWU4,DON&#39;T BE DUMB | PRE-ORDER NOW,DON'T BE DUMB AUGUST 30th PRE ORDER NOW AT AWGE.COM #dontbedumb #asaprocky #AWGE.,2024-06-23T15:08:56Z
60dNFFzJSzs,DONT BE DUMB | AUGUST 30TH,DONT BE DUMB AUGUST 30TH AWGE.COM #asaprocky #dontbedumb #awge.,2024-06-22T21:38:45Z
-3zyPGvz7WQ,AMERICAN SABOTAGE | LIVE.AWGE.COM,A$AP ROCKY FASHION SHOW AMERICAN SABOTAGE LIVE.AWGE.COM #asaprocky #dontbedumb #awge.,2024-06-21T11:45:42Z
o0HsqLE_xgc,RIOT - VIDEO OUT NOW üî• #Shorts #HipHop,,2023-07-28T22:34:51Z
0qh23DHhzgs,RIOT - VIDEO OUT NOW üî• #Shorts #hiphop,,2023-07-27T23:43:25Z
bqYHq4PXCCI,RIOT (Rowdy Pipe‚Äôn) #Shorts,,2023-07-25T16:10:35Z
1nDpGFgq1Ow,A$AP ROCKY - Same Problems (Amazon Music Live Performance),A$AP ROCKY - Same Problems (Amazon Music Live Performance) Watch on twitch.tv/amazonmusic Listen to A$AP Rocky: ...,2022-12-09T19:24:12Z
zq64O3-TURc,A$AP ROCKY - ‚ÄúD.M.B.‚Äù TEASER,A$AP ROCKY - ‚ÄúD.M.B.‚Äù TEASER ‚ÄúD.M.B.‚Äù COMING 5/5: http://asaprocky.lnk.to/DMB FOLLOW A$AP ROCKY: FACEBOOK: ...,2022-05-04T16:34:52Z
duz3wjYR_F4,LIVE. LOVE. A$AP 10 YEAR ANNIVER$ARY - NYC POP UP,LIVE. LOVE. A$AP 10 YEAR ANNIVER$ARY - NYC POP UP LIVE.LOVE.A$AP available everywhere: ...,2021-11-03T19:35:52Z
XFDLsaXzl60,A$AP ROCKY - LIVE.LOVE.A$AP - TEN YEAR ANNIVER$ARY,"A$AP Rocky - ""LIVE.LOVE.A$AP"" Available Everywhere: https://smarturl.it/LIVELOVEASAP Listen to A$AP Rocky: ...",2021-10-27T22:22:16Z
OHqPFBxIqpQ,YAMS DAY 2021 [Official HD],YAMS DAY 2021 [Official HD] https://yamsday.com/ Donate to the Always Strive And Prosper Foundation: ...,2021-03-01T20:00:04Z
xWtviJRbSkU,YAMS DAY 2021 TEASER,YAMS DAY 2021 January 18th | 8PM EST https://www.yamsday.com/,2021-01-14T01:09:13Z
K7Ttrw-4mS4,A$AP Rocky - Babushka Boi (Trailer #1),A$AP Rocky - Babushka Boi (Trailer #1) GOOD MORNING BABU$HKA VIDEO OUT!,2019-08-26T15:01:55Z
B8oM9iqVqIc,A$AP ROCKY - EUROPEAN TOUR RUN 2019,A$AP ROCKY - EUROPEAN TOUR RUN 2019 ALL TICKETS & INFO AT https://tstng.co/shows.html June 26 - France - Zenith ...,2019-03-11T17:18:33Z
3shRvKnmuOk,A$AP ROCKY - INJURED GENERATION TOUR - MINNEAPOLIS,"DAY 1 WAZ CRAZY, THANK U M.N  FOR A SOLD OUT SHOW INJURED GENERATION TOUR WINTER 2019 US/CANADA ...",2019-01-09T22:26:40Z
UBSUsIWo2zQ,A$AP ANT- WHITE VS GREEN RANGER,DIRECTED BY: @STEWDIO_PHOTOGRAPHY.,2018-12-07T00:46:40Z
u9tptobMyRA,A$AP ROCKY - INJURED GENERATION TOUR - WINTER 2019,"A$AP ROCKY - INJURED GENERATION TOUR WINTER 2019 US/CANADA Fan Presale begins Tues, Oct 30 at 10AM local ...",2018-10-29T17:18:32Z
RCMOWYzVCXo,A$AP ANT X SODUH - CLOUD BURST (PROD. BY LORDFUBU),SHOT BY BORN UNIVERSAL.,2018-10-09T19:26:18Z
dHuSAjyxt-E,A$AP ANT - SHANGHAI (PROD. BY LORD FUBU),DIRECTED BY: @EVAN_MCKNIGHTT @NAVEPRODUCTIONS https://tidal.com/browse/track/93505346 ...,2018-08-17T18:59:56Z
8AErbnJKUq4,A$AP ANT X A$AP TWELVYY - SOUL REAVER,A$AP ANT X A$AP TWELVYY - SOUL REAVER Shot By: @bornuniversal x @fuckennyh.,2018-07-25T19:55:01Z
93M1QtYDtpU,A$AP ROCKY X TYLER THE CREATOR - POTATO SALAD,WANG$AP A$AP ROCKY X TYLER THE CREATOR - POTATO SALAD AWGE DVD 3 OUT NOW!,2018-07-24T03:39:45Z
LEnYpLaWW0k,LAB RAT by A$AP ROCKY,LAB RAT by A$AP ROCKY TESTING COMPLETE: http://smarturl.IT/zTESTING/youtube A$AP Rocky - A$AP Forever (Official ...,2018-05-21T02:15:49Z
0DyK26csObg,A$AP TWELVYY - PERIODIC TABLE (OFFICIAL VIDEO),DIRECTED BY @fifthgod + @swissarmyguys EDITED BY LONEWOLF https://apple.co/2J4oQK8 https://spoti.fi/2HIJQqp ...,2018-04-19T15:58:39Z
ntFhq6p80gI,ACNE JEANS   A$AP ANT YG ADDIE x LULU P (Official Music Video),A$AP ANT YG ADDIE PRELUDE PROJECT EP OUT NOW: http://smarturl.it/the-prelude PRODUCED BY @FUBARTI LULU P ...,2018-03-20T23:41:38Z
BkDLZA4GmRc,ASAP TYY - HIT THE TOP (OFFICIAL VIDEO),Directed By: Jim Steel and Robert Trefois Co-Directed By: Michael Duda Director of Photography: Antoine Assumani.,2018-03-01T16:58:40Z
tpJyBwiqyLQ,COZIEST FT ZACK PROD BY MEDIBPM DIRECTED BY PABLOKZAPA,A trip into the world of the coziest. A$AP Twelvyy Directed by Pablokzapa (ig:@jayfurycs) ft Zack (ig:@cokeboypresident) AWGE ...,2018-02-12T19:11:17Z
h4TkUE1fOOs,A$AP ANT - A$AP WORLDWIDE FINANCES REMIX FT. A$AP TWELVYY X A$AP FERG,PRODUCED BY SANCHEZ.,2017-02-02T01:59:53Z
-gycmLomG6w,"FINANCES ATL REMIX - A$AP ANT FT. HOODRICH PABLO JUAN, KEY!, UNOTHEACTIVIST",Produced by Sanchez Mastered by Sparkheem AWGE SHIT.,2017-01-26T14:24:24Z
Ngv-SvxIGAw,A$AP ANT FT. LIL UZI VERT - RUNNER,NEW TRACK OFF THE COZY TAPES VOL. 1 ITUNES: https://geo.itunes.apple.com/nz/album/runner-feat.,2016-10-27T19:30:15Z
ZI-hE4x4ZiQ,A$AP ROCKY - TELEPHONE CALLS FT. X PLAYBOI CARTI X TYLER THE CREATOR X YUNG GLEESH,NEW TRACK OFF THE COZY TAPES VOL. 1 ITUNES: https://geo.itunes.apple.com/nz/album/telephone-calls-feat.,2016-10-27T19:12:29Z
pDSXICGx4iA,YG ADDIE A$AP ANT - LOBSTER FREESTYLE,DJ NICK @DJNICKMARINO EXCLUSIVE PROD. BY. @SPIZZLEDOE ...,2016-09-07T23:09:48Z
wcJVXg7gg4w,PLAYBOI CARTI X UNOTHEACTIVIST - WHAT (OFFICIAL VIDEO),"DIRECTED BY AWGE PRODUCED BY AWGE X JAMES MACKEL SINGLE ""WHAT"" FROM THE COZY TAPES ALBUM COMING ...",2016-06-29T22:35:00Z
mwds-FXSZ2k,Behaviors - Demystify My Love,"Directed by Kevin Eis www.kevineis.com Director Of Photography: Mike Dominic www.mikedom.com Starring Dan Perrault, Sarah ...",2016-06-22T19:46:27Z
6pMh-YSJ9Jk,A$AP ANT - FINANCES,DIRECTED BY - YG DIEGO & @VINTAGE35MM PROD. BY SANCHEZ TWITTER.COM/YGADDIE INSTAGRAM @YGADDIE.,2016-06-15T18:33:08Z
cQGENDcn-zI,A$AP ANT - THUMBIN (PROD. BY ICYTWAT),DIRECTED BY: FOOL WITH THE CAMERA VISUALS BY: AMBER PARK.,2016-05-04T19:03:39Z
4cvTYaXgSw0,A$AP ANT - SET DAT BITCH OFF (ICYTWAT REMIX),DIRECTOR & EFFECTS: MIKE KOZIEL & AMBER PARK.,2016-04-21T01:34:07Z
nQpPDH6yLXM,A$AP MOB X ASTON MATTHEWS X DANNY BROWN   HELLA HOES REMIX,,2016-02-24T23:30:11Z
bmaLgwy8DQI,A$AP Twelvyy - &quot;L.Y.B.B. (Resolution)&quot;,"A$AP Twelvyy - ""L.Y.B.B. (Resolution)"" prod. by A$AP P on The Boards Directed by Greg, Dave , and Darryl ...",2016-02-10T23:57:07Z
oshbQnXLeP8,A$AP ROCKY - JD,DIRECTED BY: AWGE X A$AP ROCKY X DEXTER NAVY EDITED BY: DEXTER NAVY X A$AP ROCKY ANIMATION BY: ...,2016-01-28T02:31:10Z
yEG2VTHS9yg,A$AP Rocky - L$D (LOVE x $EX x DREAMS),Directed By Dexter Navy Co-Directed By A$AP Rocky An AWGE Film Special Thanks To PKCZ¬Æ / LDH Inc. iTunes: ...,2015-05-20T02:05:36Z
XY7WFUq4EKU,A$AP Twelvyy - &quot;Glock Rivers&quot;,A$AP Twelvyy's Solo project coming soon you can catch him on select dates for the Clockwork Indigo tour w/ Flatbush Zombies ...,2014-11-20T22:59:56Z
5v6JUzxWoGw,A$AP Rocky - Multiply (feat. Juicy J),"Directed By: Shomi Patwary, A$AP Rocky Director of Photography: Thuan Tran, Sebastian Jimenez Producer: Chad Gihron ...",2014-10-03T04:01:56Z
vpGh-uVqgAk,RIOT RAVE -  LORD FLVCKO  (FT. BAAUER),"BEAUTY N THE BEA$T - SDSCH.1 Dir. A$AP ROCKY, KOSTAS SEREMETIS, DANILO PARRA CAMERA: DANILO PARRA, THE ...",2014-03-03T23:18:09Z
CC1g-vyuLgg,&quot;UNICORN&quot; (FEB. 14 2013) - LORD FLVCKO - SDSCH.1,"""UNICORN"" (FEB . 14 . 2013) SDSCH.1 SDSCH.1 ALBUM EX. PROD. BY THE DUKES.",2014-03-03T23:04:16Z
nXlJBI2DlGE,A$AP Ant - &quot;See Me&quot;,twitter // @YGAddie Director: Andrew Hines A$AP Mob L.O.R.D this March.,2014-01-14T02:01:45Z
wwibhVbobnQ,A$AP Ferg // Bizzy Bone For Turnt x Burnt #TURNTXBURNT,Tickets available for Ferg's headlining solo tour now at http://www.asapferg.com/tour shot by // @lifewithuzi.,2013-10-30T18:00:40Z
Rx93kNNN5hI,A$AP Ferg Presents Turnt x Burnt Tour #TURNTXBURNT,Ferg is on his first headlining U.S. tour w/ A$AP Mob get your tickets at http://www.asapferg.com/tour Shot by // @lifewithuzi ...,2013-10-29T18:00:12Z
eF6UbvkSK0A,CALLING ALL A$VP VIXEN #FASHIONKILLAS,GET JIGGY AND TAG YOUR #FASHIONKILLA PHOTOS HERE: http://www.thefashiokilla.com 'LONG.LIVE.A$AP' AVAILABLE ...,2013-07-30T16:00:13Z
V9xhMTzQDhI,A$AP Ant x A$AP Nast - The Way It Go/Trillmatic,Trap Lord available in stores and iTunes August 20th Tickets to the Under The Influence tour w/ Wiz Khalifa available now ...,2013-07-09T02:30:24Z
jIigWhNt4sI,A$AP Ferg - Persian Wine,"TRAP LORD COMING THIS SUMMER WORK: THE REMIX FEAT. TRININDAD JAME$, A$AP ROCKY, FRENCH MONTANA, AND ...",2013-04-24T02:02:11Z
bm55QRWjJHM,Under The Influence of Music Tour 2013,Under The Influence Of Music is BACK! Stay tuned today for more... #its420somewhere #theinfluencetour.,2013-04-22T20:44:05Z
dIJEFPMNEqI,The Influence Tour #its420somewhere,Under The Influence Of Music Tour 2013 #theinfluencetour #its420somewhere.,2013-04-22T20:36:40Z
W7nweEm2ZOc,A$AP Twelvyy feat. Da$h &quot; Jay Reed &quot; (Official Video),Produced by P On The Boards Director: Simon Davis A$AP Worldwide 2013.,2013-04-10T21:59:55Z
NHeEkkFZ2Ts,A$AP Ferg x Bone Thugs: Trap Lord Sessions,Shot by UZi @lifewithuzi http://lifewithuzi.tumblr.com/ Ferg AKA Diamond Dolla$ Page in the studio with Bizzy Bone & Flesh N ...,2013-03-08T00:00:09Z
DF9j8BD_bYE,&#39;LONG.LIVE.A$AP&#39;:  BLACK STAR LISTENING PARTY,BUY 'LONG.LIVE.A$AP' AVAILABLE NOW: http://smarturl.it/LONGLIVEASAP?IQID=ytdescription.,2013-01-10T22:46:10Z
EvmbhTpuork,A$AP Twelvyy &quot;YNRE&quot;,A$AP Twelvyy x AraabMuzik off Lord$ Never Worry available now on LiveMixtapes LONG.LIVE.A$AP AVAILABLE NOW ...,2012-12-12T21:00:17Z
rshlVXOLczU,A$AP Rocky - &quot;F**kin&#39; Problems&quot; Behind The Scenes,"'LONG.LIVE.A$AP' AVAILABLE NOW http://smarturl.it/LONGLIVEASAP?IQid=ytdescription Get ""F**kin' Problems"" Today: ...",2012-12-11T17:01:03Z
UeXSx5Ou7bg,BACKSTAGE: LONGLIVEA$APTOUR - A$AP MOB INVITES FREDO SANTANA OUT IN CHICAGO,"Chicago has deep roots in music. From traditional jazz and blues to todays international stars like Kanye and Lupe Fiasco, ...",2012-11-05T18:43:23Z
Wloix_Xn3jk,BACKSTAGE: LONGLIVEA$APTOUR - A$AP ROCKY BRINGS OUT TOO SHORT &amp; E 40,"Heading into Oakland we knew the show would be crazy, but when Too Short and E 40 pulled up backstage Rocky and J Scott ...",2012-10-29T19:45:08Z
_qRgOBbjDGc,LONGLIVEA$APTOUR - A$AP ROCKY X KENDRICK LAMAR &quot;FUCKIN PROBLEMS&quot;,"The LongLiveA$AP Tour made way in to the Bay - Oakland, California for a sold out show with numerous guest appearances ...",2012-10-25T19:31:11Z
EYztK6yGQSM,BACKSTAGE: LONGLIVEA$AP TOUR - A$AP ROCKY&#39;S BIRTHDAY IN DETROIT,"Big happy belated Birthday shouts to Rocky, A$AP Lou, A$AP Ty Beats and the homie Filth. Canadian border patrol made sure ...",2012-10-23T16:54:54Z
_3DRRgCU2I8,BACKSTAGE: LONGLIVEA$APTOUR - ROCKY PAYS HOMAGE TO BONE THUGS AND HARMONY,First and foremost the entire state of Ohio had nothing but love for the A$AP MOB. Each show was just as turnt up as the last but in ...,2012-10-19T20:27:10Z
APQHJBko5wY,BACKSTAGE: LONGLIVEA$APTOUR - A$AP TY BEATS VS. A$AP ANT,"On the A$AP MOB bus aka Rikers Island, no one is safe. Check out some exclusive footage of A$AP Ty Beats and A$AP Ant ...",2012-10-17T17:43:51Z
IlOqpdRnsNs,LONGLIVEA$APTOUR RECAP WEEK 1,"Fresh of the first week of the Scion A/V Presents : LONGLIVEA$AP Tour, we sat down with Pretty Flacko, The Real Puff Daddy and ...",2012-10-03T15:43:50Z
cmHkzRb90D8,ASAP Mob - &quot;Bath Salt&quot; (feat. Flatbush ZOMBiES) (prod. P On The Boards),"Director: Shomi Patwary YG Addie x Pretty Flacko x Flatbush ZOMBiES bring you ""Bath Salt"" produced by P On The Boards off ...",2012-09-05T03:59:52Z
yweE80LMR50,ASAP Rocky &#39;Purple Kisses&#39;,Official video for ASAP Rocky's 'Purple Kisses' Off The A$AP Mob Album Lord$ Never Worry Due 8/28/2012 on LiveMixtapes.com ...,2012-08-14T07:51:01Z
nm_rtM2HgI4,Brand New Guy (feat. ScHoolboy Q),Directed by The ICU x A$AP Rocky @asvpxrocky @ScHoolBoyQ @TheICU http://www.theiculab.com ...,2012-06-04T04:15:40Z
ob3ktDxAjWI,ASAP Rocky &quot;Peso&quot;,Director: Abteen Bagheri // @abteen Co-Director: ASAP Rocky // @LIVELOVEASAP DP: Isaac Bauman // @isaacbauman ...,2011-08-11T00:28:57Z
6xJqRWv0p2A,ASAP Rocky - Peso (D/L Link),ASAP Rocky - Peso Off Live.Love.A$ap coming in August --------- Download ...,2011-07-22T00:26:05Z
KuZ2QZKYj7c,ASAP Rocky &quot;Purple Swag&quot;,DIRECTED BY JASON ANO CO-DIRECTED BY ASAP ROCKY IM FROM HARLEM BUT I HAD TO PAY HOMAGE TO ALL THE ...,2011-07-05T21:48:59Z
